id,name,industry,review,likes,rating,posted_at,token_count,too_long,aspect,sentiment,confidence,position,mapped_topic,topic_score
585827,Riwa Gastro AG,Restaurant,Leckeres Eis und netter Service!,0,4.0,2023-04-22 15:50:01.416,11,False,"['Eis', 'Service']","['Positive', 'Positive']","[0.9981, 0.9982]","[[1], [4]]",Other,0.42019593715667725
585827,Riwa Gastro AG,Restaurant,"Try it! The first impression is deceiving, looking like a highway stop. Truth be told also inside it has the charm of a Raststätte. However, service is down to earth and the food is solid and of high quality. This is a no frills experience but checks all the right boxes and comes in at a slightly better price than your would expect.
Definitely ask for the septate dessert card and try the ""Natur Yoghurt"" ice cream..
Update 2023: still love it",1,5.0,2019-02-09 19:53:26.000,118,False,[],[],[],[],Other,0.39682722091674805
585827,Riwa Gastro AG,Restaurant,Immer alles perfekt. Danke,0,5.0,2023-04-16 13:18:36.731,9,False,[],[],[],[],Other,0.39682722091674805
585827,Riwa Gastro AG,Restaurant,Feine Desserts❤️,0,5.0,2023-04-11 06:45:40.392,9,False,['Desserts'],['Positive'],[0.9656],[[1]],Other,0.28140825033187866
585827,Riwa Gastro AG,Restaurant,5 Sterne absolut verdient!,0,5.0,2023-04-10 14:29:48.634,9,False,[],[],[],[],Other,0.39682722091674805
585827,Riwa Gastro AG,Restaurant,"Sehr schönes Ausflugsrestaurant mit fantastischer Aussicht.
Sehr freundliches Personal, schnelle Bedienung.
Essen schmeckt hervorragend.
Reservierung empfohlen.",0,5.0,2022-04-02 18:54:37.071,40,False,"['Aussicht', 'Personal', 'Bedienung', 'Essen']","['Positive', 'Positive', 'Positive', 'Positive']","[0.9985, 0.9981, 0.9976, 0.997]","[[5], [9], [12], [14]]",Other,0.5105617046356201
585827,Riwa Gastro AG,Restaurant,Super essen tolle Saisonale Gerichte,2,5.0,2023-04-09 05:46:22.794,10,False,"['essen', 'Gerichte']","['Positive', 'Positive']","[0.9976, 0.998]","[[1], [4]]",Ambiente,0.4789259433746338
585827,Riwa Gastro AG,Restaurant,Super gegessen und toller Service!,0,5.0,2023-04-06 19:38:47.336,10,False,['Service'],['Positive'],[0.9983],[[4]],Other,0.41187363862991333
585827,Riwa Gastro AG,Restaurant,"Sehr schönes Restaurant mit herrlichem Weitblick. Grosse Speisekarte mit viel Auswahl an Saison gerechten Speisen. Menus schön angerichtetet, super lecker und Portionen waren bei unserem Besuch recht gross. Service speditiv und freundlich.",1,5.0,2023-04-05 19:02:49.218,61,False,"['Restaurant', 'Speisekarte', 'Menus', 'Portionen', 'Service']","['Positive', 'Positive', 'Positive', 'Positive', 'Positive']","[0.9982, 0.9979, 0.9978, 0.9981, 0.9979]","[[2], [8], [17], [24], [32]]",Other,0.42530524730682373
585827,Riwa Gastro AG,Restaurant,"Gutes Restaurant, feine und immer auch saisonale Gerichte im Angebot. Toller Ausblick.",0,5.0,2023-04-04 12:58:59.201,24,False,"['Restaurant', 'Gerichte', 'Ausblick']","['Positive', 'Positive', 'Positive']","[0.998, 0.9973, 0.9973]","[[1], [8], [13]]",Other,0.445963054895401
585827,Riwa Gastro AG,Restaurant,"Very welcoming staff, friendly knowledgeable and very helpful. Food is all amazing, starter I had soup.!! Omg yummmmy. Main courses both fresh and tasty 😋 and just enough room for an amazing desert. Place had amazing views, inside they also sell some of the foods to take away.!!! Including an amazing dressing. And the toilets don’t smell like toilets. Beautiful and clean 🧽",2,5.0,2023-04-03 21:02:58.993,98,False,"['staff', 'Food', 'Main courses', 'desert', 'views', 'dressing', 'toilets']","['Positive', 'Positive', 'Positive', 'Positive', 'Positive', 'Positive', 'Positive']","[0.9963, 0.99, 0.9827, 0.8774, 0.8883, 0.9846, 0.9824]","[[2], [10], [25, 26], [39], [44], [64], [68]]",Other,0.45344793796539307
585827,Riwa Gastro AG,Restaurant,Wonderful service with suppurb food,0,4.0,2023-03-30 19:00:33.780,10,False,"['service', 'food']","['Positive', 'Positive']","[0.9809, 0.7583]","[[1], [4]]",Other,0.44185906648635864
585827,Riwa Gastro AG,Restaurant,"Immer wieder gern.
Am 29.01.2022 wieder einmal zum Abendessen da, wieder Top. Das Restaurant voll, aber das Personal behielten den Überblick und leisteten einen Super Service. DANKE
Am 23.03.22 wieder mmmhhm einfach GUT.
Natürlich immer wieder zum Mittagessen und natürlich zum Glace.
Heute 23.03.23 zum Nachtessen auch wieder Top.
Waldegg my Favorit.",4,5.0,2020-06-21 16:20:21.346,95,False,"['Personal', 'Service', 'Waldegg']","['Positive', 'Positive', 'Positive']","[0.9759, 0.9572, 0.983]","[[25], [33], [69]]",Service,0.4951022267341614
585827,Riwa Gastro AG,Restaurant,Immer wieder ein Besuch wert..,0,5.0,2023-03-19 18:48:30.658,10,False,[],[],[],[],Other,0.39682722091674805
585827,Riwa Gastro AG,Restaurant,"Schon oft besucht und gerne immer wieder 😊, sehr feine Speisen, äusserst freundliche Service-Mitarbeitende",0,5.0,2023-03-11 15:08:18.116,35,False,"['Speisen', 'Service', 'Mitarbeitende']","['Positive', 'Positive', 'Positive']","[0.9982, 0.9879, 0.9843]","[[11], [15], [17]]",Service,0.45195406675338745
585827,Riwa Gastro AG,Restaurant,Eines meiner lieblings Restaurant. Die Küche ist sehr gut. Hier gibt es die beste Salatsauce die ich je in einem Restaurant erhalten habe.,3,5.0,2019-12-14 21:31:08.210,36,False,"['Restaurant', 'Küche', 'Salatsauce']","['Positive', 'Positive', 'Positive']","[0.9985, 0.9985, 0.9986]","[[3], [6], [16]]",Other,0.3698613941669464
585827,Riwa Gastro AG,Restaurant,"Das Personal ist sehr freundlich, super Essen, und die Aussicht unbezahlbar.",0,5.0,2023-03-09 13:39:08.736,21,False,"['Personal', 'Essen', 'Aussicht']","['Positive', 'Positive', 'Positive']","[0.9982, 0.9985, 0.9986]","[[1], [7], [11]]",Ambiente,0.5258337259292603
585827,Riwa Gastro AG,Restaurant,"Es ist unser Lieblingsrestaurant. das Essen ist sehr gut. Für uns ist es immer ein ""muss"" wenn wir von Zürich nach Wil fahren. Das Personal ist einfach sehr zuvorkommen. Bei der Chefin merkt man, sie macht es mit Herzblut. À bientôt !",0,5.0,2023-03-07 11:31:29.327,69,False,"['Essen', 'Personal', 'Chefin']","['Positive', 'Positive', 'Positive']","[0.9983, 0.9971, 0.9976]","[[6], [29], [37]]",Other,0.43132489919662476
585827,Riwa Gastro AG,Restaurant,Zum empfehlen,0,5.0,2023-03-06 12:18:14.985,4,False,[],[],[],[],Other,0.39682722091674805
585827,Riwa Gastro AG,Restaurant,"Hammer Essen, top Service!",0,5.0,2023-03-03 22:25:37.401,8,False,"['Essen', 'Service']","['Positive', 'Positive']","[0.9977, 0.9979]","[[1], [4]]",Service,0.49259239435195923
585827,Riwa Gastro AG,Restaurant,"Ort & Bedienung sehr toll & sehr freundlich
Essen maximal durchschnittlich. Kalter Spinat in einem Restaurant... war leider mein erstes und letztes mal.",0,3.0,2023-02-20 10:44:39.777,42,False,"['Ort', 'Bedienung', 'Essen']","['Positive', 'Positive', 'Neutral']","[0.9887, 0.9482, 0.8579]","[[0], [2], [8]]",Ambiente,0.5190422534942627
585827,Riwa Gastro AG,Restaurant,Egal zu welcher Zeit und bei welcher Witterung! Ein Besuch lohnt sich auf jeden Fall!,0,4.0,2023-02-14 18:28:32.977,25,False,['Besuch'],['Positive'],[0.9987],[[10]],Other,0.42575639486312866
585827,Riwa Gastro AG,Restaurant,"Sehr nette Bedienung
Sehr gute und währtschafte Auswahl
Portionen auch für den grossen Hunger",0,5.0,2023-02-04 08:11:11.165,30,False,"['Bedienung', 'Portionen']","['Positive', 'Positive']","[0.9984, 0.9973]","[[2], [8]]",Other,0.45627349615097046
585827,Riwa Gastro AG,Restaurant,Wollte schon lange mal hier essen Habs aber nie geschafft. Dann jetzt doch endlich mal 😊 wir haben gut gegessen grosse Portionen super Salat Fleisch alles tip top das Personal erschien mir auch freundlich ich komme bald wieder vielen Dank,0,5.0,2023-02-02 18:47:27.249,58,False,"['Salat Fleisch', 'Personal']","['Positive', 'Positive']","[0.9983, 0.9979]","[[24, 25], [30]]",Other,0.3947082459926605
585827,Riwa Gastro AG,Restaurant,Wie immer. Top und ist immer noch so,0,5.0,2019-04-14 10:48:57.979,11,False,[],[],[],[],Other,0.39682722091674805
585827,Riwa Gastro AG,Restaurant,Super platz,0,5.0,2023-01-27 19:35:53.841,5,False,['platz'],['Positive'],[0.9977],[[1]],Other,0.3968411087989807
585827,Riwa Gastro AG,Restaurant,"Very friendly staff, they make you feel super welcome in a comfortable and warm atmosphere. The food is excellent in general, we were all very pleased with our different meals.",1,5.0,2023-01-25 08:17:40.189,43,False,"['staff', 'atmosphere', 'food', 'meals']","['Positive', 'Positive', 'Positive', 'Positive']","[0.9981, 0.9973, 0.995, 0.9951]","[[2], [15], [18], [32]]",Ambiente,0.5430565476417542
585827,Riwa Gastro AG,Restaurant,Das Essen war top eben so die Bedinung würde es jedem weiter empfehlen,0,5.0,2023-01-24 18:06:08.332,20,False,['Essen'],['Positive'],[0.996],[[1]],Ambiente,0.476659893989563
585827,Riwa Gastro AG,Restaurant,"Gutes Essen, freundliche Bedienung",0,5.0,2023-01-18 15:08:30.743,10,False,"['Essen', 'Bedienung']","['Positive', 'Positive']","[0.9982, 0.9983]","[[1], [4]]",Other,0.46190595626831055
585827,Riwa Gastro AG,Restaurant,"War ""nur"" zu einem Kaffee dort. Sehr freundliches Personal, schöne Aussicht und tolles Ambiente.
Es hat viele Parkplätze direkt vor dem Lokal.
Gerne wieder",0,5.0,2023-01-16 20:47:05.386,44,False,"['Personal', 'Aussicht', 'Ambiente', 'Parkplätze']","['Positive', 'Positive', 'Positive', 'Positive']","[0.9846, 0.997, 0.9973, 0.9953]","[[11], [14], [17], [22]]",Ambiente,0.5604287981987
585827,Riwa Gastro AG,Restaurant,Passte alles gut,0,4.0,2023-01-15 16:12:11.731,6,False,[],[],[],[],Other,0.39682722091674805
585827,Riwa Gastro AG,Restaurant,Gut,0,4.0,2023-01-09 16:50:57.969,3,False,[],[],[],[],Other,0.39682722091674805
585827,Riwa Gastro AG,Restaurant,Gemütlich und schön,0,5.0,2023-01-08 13:18:24.096,7,False,[],[],[],[],Other,0.39682722091674805
585827,Riwa Gastro AG,Restaurant,"Sehr schönes Ausflugrestaurant  mit Blick auf den Zürichsee. Gutes Essen und sehr freundliches Personal. Man sollte reservieren, den es ist immer gut besetzt.",0,4.0,2023-01-05 17:59:21.272,43,False,"['Ausflugrestaurant', 'Essen', 'Personal']","['Positive', 'Positive', 'Positive']","[0.9984, 0.9973, 0.9927]","[[2], [10], [14]]",Ambiente,0.4937070310115814
585827,Riwa Gastro AG,Restaurant,..Einfach jedesmal excellent....🤩🤗😋,0,5.0,2021-07-16 22:18:41.105,14,False,[],[],[],[],Other,0.39682722091674805
585827,Riwa Gastro AG,Restaurant,Wie immer sehr gut. Das Chateaubriand zart wie Butter. Immer wieder gerne!!,0,5.0,2023-01-02 20:07:18.911,24,False,['Chateaubriand'],['Positive'],[0.9984],[[6]],Other,0.3945181965827942
585827,Riwa Gastro AG,Restaurant,Immer wieder fein,0,5.0,2023-01-02 17:16:37.813,6,False,[],[],[],[],Other,0.39682722091674805
585827,Riwa Gastro AG,Restaurant,Schöne Aussicht,0,4.0,2022-12-26 12:08:23.586,6,False,['Aussicht'],['Positive'],[0.9981],[[1]],Other,0.4174202084541321
585827,Riwa Gastro AG,Restaurant,"Sehr freundlich, hilfsbereit und aufmerksam. Küche vorzüglich👍
Reservation für Essen empfohlen! Kann ich sehr empfehlen.  War erneut hier zum Essen, kann meine vorher gemachten Eindrpcke nur bestätigen. Supper👍👏",1,5.0,2018-06-07 10:22:55.660,63,False,"['Küche', 'Reservation']","['Positive', 'Positive']","[0.998, 0.9973]","[[7], [9]]",Other,0.34970155358314514
585827,Riwa Gastro AG,Restaurant,"gut Bürgeliches essen, eine sehr gepflegte und saubere WC Anlage.",0,3.0,2022-10-22 14:51:31.204,20,False,"['essen', 'WC Anlage']","['Positive', 'Positive']","[0.9969, 0.9985]","[[2], [9, 10]]",Ambiente,0.46831434965133667
585827,Riwa Gastro AG,Restaurant,"Sehr sehr gutes Essen
Zuvorkommende nette Bedienung
Kann das Waldegg nur weiter empfehlen",0,5.0,2022-12-12 19:14:44.287,23,False,"['Essen', 'Bedienung']","['Positive', 'Positive']","[0.9983, 0.9984]","[[3], [6]]",Other,0.46190595626831055
585827,Riwa Gastro AG,Restaurant,Immer gerne wieder. Gut bürgerliche Küche. Feine Sachen zum Kaufen.,0,5.0,2022-12-10 23:50:30.403,22,False,"['Küche', 'Sachen']","['Positive', 'Positive']","[0.9899, 0.9969]","[[6], [9]]",Other,0.38227546215057373
585827,Riwa Gastro AG,Restaurant,Zum Empfehlen .....,0,5.0,2022-12-09 19:07:08.728,7,False,[],[],[],[],Other,0.39682722091674805
585827,Riwa Gastro AG,Restaurant,"Tolles Essen alles stimmte, allerdings waren die Pommes fast kalt und somit zäh …..aber das passiert, eher unwichtig",0,5.0,2022-12-04 07:52:55.018,35,False,"['Essen', 'Pommes']","['Positive', 'Negative']","[0.9898, 0.99]","[[1], [8]]",Other,0.36151719093322754
585827,Riwa Gastro AG,Restaurant,"Leckeres Essen preislich im höherem Preissegment anzusiedeln.

Lokal auffallend schön. Die Sauberkeit des WC muss ich hier Mal hervorheben das ist wirklich vorbildlich gepflegt.

Bedienung freundlich und zuvorkommend.",0,5.0,2022-11-21 20:58:59.173,58,False,"['Essen', 'Lokal', 'WC', 'Bedienung']","['Positive', 'Positive', 'Positive', 'Positive']","[0.9923, 0.9972, 0.9974, 0.9975]","[[1], [8], [15], [27]]",Ambiente,0.4704681634902954
585827,Riwa Gastro AG,Restaurant,Toller Service und sehr kinderfreundlich,0,5.0,2022-11-19 21:22:57.198,10,False,['Service'],['Positive'],[0.9982],[[1]],Other,0.41187363862991333
585827,Riwa Gastro AG,Restaurant,"Wer gut essen möchte ist hier richtig.
Service Qualität Ambiente ist gross geschrieben...
Ein Besuch lohnt sich definitiv",0,5.0,2022-11-18 20:01:35.982,28,False,"['essen', 'Service', 'Ambiente']","['Positive', 'Positive', 'Positive']","[0.9969, 0.9955, 0.9969]","[[2], [8], [10]]",Other,0.44137927889823914
585827,Riwa Gastro AG,Restaurant,nettes Personal,0,5.0,2022-11-17 07:10:44.882,5,False,['Personal'],['Positive'],[0.9961],[[1]],Other,0.38242775201797485
585827,Riwa Gastro AG,Restaurant,Ein sicherer Wert,0,4.0,2022-11-16 13:19:03.795,6,False,['Wert'],['Positive'],[0.9961],[[2]],Other,0.28811365365982056
585827,Riwa Gastro AG,Restaurant,"Sehr einladende Lokalität top motiviertes freundliches Personal
Feines Nachtessen zu einem fairen Preis,gerne wieder",0,5.0,2022-11-14 22:06:21.959,29,False,"['Lokalität', 'Personal', 'Nachtessen']","['Positive', 'Positive', 'Positive']","[0.9978, 0.9938, 0.9926]","[[2], [6], [8]]",Ambiente,0.5871689319610596
585827,Riwa Gastro AG,Restaurant,Alles super und gut nur alles sehr hecktisch es war als wäre ich auf einem Flughafen,0,5.0,2022-11-14 21:37:54.159,25,False,[],[],[],[],Other,0.39682722091674805
585827,Riwa Gastro AG,Restaurant,"Freundliche Bedienungen, variantenreiches Essen. Moderne Lokalität mit viel Platz. Coole Sachen die man zum  weiterverschenken kaufen kann.  Etliche Parkplätze vorhanden. Gerne wieder.",0,5.0,2022-11-10 12:22:25.818,45,False,"['Bedienungen', 'Essen', 'Lokalität', 'Parkplätze']","['Positive', 'Positive', 'Positive', 'Positive']","[0.9965, 0.9939, 0.9926, 0.9778]","[[1], [4], [7], [22]]",Other,0.5539369583129883
585827,Riwa Gastro AG,Restaurant,Exzellent 👍,0,5.0,2022-11-09 14:44:57.939,7,False,[],[],[],[],Other,0.39682722091674805
585827,Riwa Gastro AG,Restaurant,"1x mehr vorzüglich gegessen, kommen immer wieder gerne. Das Personal ist sehr freundlich und aufmerksam. Freuen uns auf das nächste mal.",0,4.0,2022-04-15 10:31:19.513,40,False,['Personal'],['Positive'],[0.9987],[[11]],Other,0.38242775201797485
585827,Riwa Gastro AG,Restaurant,"Sehr gutes Restaurant. Wirkt von aussen etwas wie eine Autobahnraststaette, ist aber innen modern und toll eingerichtet.
Wir hatten das Chateaubriand, mit Pommes und Saisonalen Gemuese. Das Fleisch war auf den Punkt gegart und geschmacklich ein echter Hochgenuss. Das Personal ist zudem sehr freundlich und wirkt kompetent und gut geschult.
Hatten einen Platz innen mit Sicht in Richtung See.
Zum Abschluss goennten wir uns noch ein feines Softeis als Dessert. Empfehlen das Restaurant gerne weiter und kommen sicher gerne wieder. Ganz klare 5 Sterne von uns.",0,5.0,2022-11-08 14:05:55.783,143,False,[],[],[],[],Other,0.39682722091674805
585827,Riwa Gastro AG,Restaurant,"Bedienung sehr freundlich, Essen sehr gut. Beim chateaubriand für eine Person gabs ""nur 4 kleine stücke Feisch"" und viel gemüse, für den preis von Chf 49.80 doch etwas zu wenig. Unser tisch grenzte sehr nah an den nächsten tisch. Die bedienung streifte meine kollegin jedesmal wenn sie dort servieren musste. Aber ansonsten alles i.o. wir kommen wieder.",1,4.0,2022-11-06 12:17:07.909,111,False,"['Bedienung', 'Essen', 'preis']","['Positive', 'Positive', 'Negative']","[0.9778, 0.966, 0.8728]","[[0], [4], [27]]",Preis,0.5910956859588623
585827,Riwa Gastro AG,Restaurant,"Super Essen, toller Ausblick, Top Bedienung!!! Was will man mehr!",0,5.0,2022-11-04 00:03:12.888,19,False,"['Essen', 'Ausblick', 'Bedienung']","['Positive', 'Positive', 'Positive']","[0.9984, 0.9987, 0.9987]","[[1], [4], [7]]",Ambiente,0.5059874653816223
585827,Riwa Gastro AG,Restaurant,Mega gepflegt und Preis Leistung stimmt!,1,5.0,2022-10-29 17:07:42.061,12,False,['Preis'],['Positive'],[0.9944],[[3]],Other,0.35530802607536316
585827,Riwa Gastro AG,Restaurant,Wunderschöner Ort mit Blick auf den Zürcher See. Viele Parkplätze und wunderschönen Ausblick. Gute selbsgemachte Produkte,0,5.0,2022-10-29 14:49:52.851,33,False,"['Ort', 'See', 'Parkplätze', 'Ausblick', 'Produkte']","['Positive', 'Positive', 'Positive', 'Positive', 'Positive']","[0.9977, 0.9971, 0.9978, 0.9967, 0.9699]","[[1], [7], [10], [13], [17]]",Ambiente,0.49284660816192627
585827,Riwa Gastro AG,Restaurant,Понравилось практически все. Качество еды и обслуживания. Атмосфера.,0,5.0,2022-10-24 17:40:16.316,24,False,"['еды', 'обслуживания', 'Атмосфера']","['Positive', 'Positive', 'Positive']","[0.9986, 0.9986, 0.9972]","[[5], [7], [9]]",Ambiente,0.5718346238136292
585827,Riwa Gastro AG,Restaurant,"Ist mega schön ❤️ mit viel Detail eingerichtet, Personal sehr freundlich die Chefin nett und sehr intelligent vielen Dank für tolle Bedienung",0,5.0,2022-10-20 19:01:31.351,34,False,"['eingerichtet', 'Personal', 'Chefin', 'Bedienung']","['Positive', 'Positive', 'Positive', 'Positive']","[0.9976, 0.9981, 0.9984, 0.9935]","[[10], [12], [16], [27]]",Other,0.46562623977661133
585827,Riwa Gastro AG,Restaurant,Nettes Personal Feines Essen. Schöne Lage,0,5.0,2022-10-20 17:21:14.383,12,False,"['Personal', 'Essen', 'Lage']","['Positive', 'Positive', 'Positive']","[0.9972, 0.9975, 0.9979]","[[1], [3], [6]]",Ambiente,0.4723365008831024
585827,Riwa Gastro AG,Restaurant,... unscheinbar genial,0,5.0,2022-10-18 21:22:55.428,7,False,[],[],[],[],Other,0.39682722091674805
585827,Riwa Gastro AG,Restaurant,Super essen und Service,0,5.0,2022-10-17 18:17:32.139,6,False,"['essen', 'Service']","['Positive', 'Positive']","[0.9972, 0.9972]","[[1], [3]]",Service,0.47667622566223145
585827,Riwa Gastro AG,Restaurant,Trotz sehr vielen Gästen immer den überblick behalten.Und sehr zuvor kommend.,0,4.0,2022-10-16 14:09:51.688,25,False,['überblick'],['Positive'],[0.9888],[[6]],Other,0.4387703537940979
585827,Riwa Gastro AG,Restaurant,Sehr nette Bedienung und wirklich sehr aufmerksamer Service. Ein grosszügisches Trinkgeld ist da für mich selbstverständlich. Wirklich sehr Empfehlenswert. Hut ab.,0,5.0,2022-10-13 16:03:46.649,41,False,"['Bedienung', 'Service', 'Trinkgeld']","['Positive', 'Positive', 'Positive']","[0.9974, 0.9523, 0.8133]","[[2], [7], [11]]",Service,0.5286006927490234
585827,Riwa Gastro AG,Restaurant,Nicht preiswert.,0,4.0,2022-10-11 12:51:39.701,6,False,[],[],[],[],Other,0.39682722091674805
585827,Riwa Gastro AG,Restaurant,Super feiner Eiskaffee mit Kirsch,0,4.0,2022-10-06 19:09:41.325,11,False,['Eiskaffee'],['Positive'],[0.9533],[[2]],Other,0.3528742790222168
585827,Riwa Gastro AG,Restaurant,"Good food, friendly staff. Didn’t get the thing with the salad dressing, though.",0,5.0,2022-10-05 01:27:43.535,23,False,"['food', 'staff', 'salad dressing']","['Positive', 'Positive', 'Neutral']","[0.9966, 0.9954, 0.885]","[[1], [4], [14, 15]]",Other,0.3734300434589386
585827,Riwa Gastro AG,Restaurant,"Waren gestern zum Wildessen da und waren super begeistert. Zum ersten Mal im Wintergarten. Service und Essen waren super.  Angenehme Wartezeit. Portionen sehr gut berechnet (wir mochten also keinen Dessert mehr bestellen! :-).
Preis-Leistung also tiptop. Super schönes, modernes Restaurant.",5,5.0,2022-10-02 14:02:20.798,74,False,"['Service', 'Essen', 'Wartezeit', 'Restaurant']","['Positive', 'Positive', 'Positive', 'Positive']","[0.9795, 0.9697, 0.9228, 0.9944]","[[16], [18], [23], [52]]",Other,0.4419657588005066
63085,"Asia Mr. Rice, Inh. Vu, Duc Quang",Asian restaurant,"Das Eßen ist zwar mega aber die Lieferzeiten sind katastroph.Mann sagt am tel geht 30min und wartet 1h und 20min bis es kommt.
Bestellt man über eart wurde die Bestellung schon 2 mal vergeßen und wen man zu einer bestimmten Zeit bestellt geht er regelmäßi 30 min und mehr über die Zeit hinaus.
Was gibt es als Entschuldigung?Nichts,nicht mal eine Mündliche und auch kein Getränk dazu.",0,2.0,2022-02-21 11:48:04.423,111,False,"['Eßen', 'Lieferzeiten']","['Positive', 'Negative']","[0.7743, 0.9338]","[[1], [7]]",Ambiente,0.4724423289299011
63085,"Asia Mr. Rice, Inh. Vu, Duc Quang",Asian restaurant,Top Service!!!,0,5.0,2022-02-19 06:43:49.068,5,False,['Service'],['Positive'],[0.9983],[[1]],Other,0.41187363862991333
63085,"Asia Mr. Rice, Inh. Vu, Duc Quang",Asian restaurant,"Das Essen ist sehr lecker, die Preise sind fair. Am Mittag gibt es ein Buffet. Für den kleinen Hunger eignen sich die Box gut.",0,5.0,2022-02-17 10:46:53.848,40,False,"['Essen', 'Preise']","['Positive', 'Positive']","[0.9819, 0.6061]","[[1], [7]]",Ambiente,0.5086127519607544
63085,"Asia Mr. Rice, Inh. Vu, Duc Quang",Asian restaurant,Decent food for the price,0,4.0,2022-02-14 14:10:37.456,8,False,"['food', 'price']","['Positive', 'Positive']","[0.9635, 0.6726]","[[1], [4]]",Preis,0.6313393115997314
63085,"Asia Mr. Rice, Inh. Vu, Duc Quang",Asian restaurant,Late most of the times,0,1.0,2022-01-27 17:53:17.560,7,False,[],[],[],[],Other,0.39682722091674805
63085,"Asia Mr. Rice, Inh. Vu, Duc Quang",Asian restaurant,"À considérer comme un fast-food asiatique plutôt qu'un restaursnt typique.
12chf la petite assiette et 16chf la grande (à remplir au buffet), des prix corrects pour manger à sa faim.",0,4.0,2022-01-24 10:37:22.935,58,False,"['fast - food', 'restaursnt']","['Neutral', 'Neutral']","[0.8335, 0.7139]","[[4, 5, 6], [12]]",Other,0.33332544565200806
63085,"Asia Mr. Rice, Inh. Vu, Duc Quang",Asian restaurant,"Das essen ist lecker, allerdings finde ich das heutzutage Kartenzahlung ein muss ist!!! oder Twint!!",0,3.0,2022-01-14 10:40:34.307,26,False,"['essen', 'Kartenzahlung']","['Positive', 'Negative']","[0.9919, 0.46]","[[1], [10]]",Preis,0.47898274660110474
63085,"Asia Mr. Rice, Inh. Vu, Duc Quang",Asian restaurant,Sehr Gut 👌,0,5.0,2022-01-04 01:54:40.041,7,False,[],[],[],[],Other,0.39682722091674805
63085,"Asia Mr. Rice, Inh. Vu, Duc Quang",Asian restaurant,Tiptop und lecker. Gutes Preis-Leistungs-Verhältnis,0,4.0,2022-01-01 21:06:10.952,15,False,[],[],[],[],Other,0.39682722091674805
63085,"Asia Mr. Rice, Inh. Vu, Duc Quang",Asian restaurant,"Ich habe ein falsches Gericht bekommen. das Personal sah den Fehler bei mir, weil ich halt einfach das Falsche bestellt habe (als Vegetarier habe ich bestimmt kein Reis mit Huhn bestellt)
nach dem Erhalt des vermeintlich richtigem Essen, sah ich zuhause, dass die falsche Sauce mitgegeben wurde.
Zwei Sterne, weil das Essen trotzdem gut war. Nur leider sehr vom Personal enttäuscht.
Ich werde nicht mehr bei euch essen.",2,2.0,2021-12-19 18:16:11.489,109,False,"['Gericht', 'Personal', 'Sauce']","['Negative', 'Negative', 'Negative']","[0.9887, 0.9867, 0.8729]","[[4], [8], [50]]",Other,0.4404166638851166
63085,"Asia Mr. Rice, Inh. Vu, Duc Quang",Asian restaurant,I am vietnamese and Mr Rice makes the best vietnamese Chicken Stir fry!,0,5.0,2021-12-09 13:28:29.125,20,False,"['Rice', 'Chicken Stir fry']","['Neutral', 'Positive']","[0.5564, 0.9922]","[[5], [10, 11, 12]]",Other,0.297528475522995
63085,"Asia Mr. Rice, Inh. Vu, Duc Quang",Asian restaurant,"Anfang des Jahres eine Lebensmittelentzündung aufgrund von gammligen Hühnerfleisch bekommen.

Gast werde ich dort nie wieder sein.",1,1.0,2021-12-07 12:49:01.264,30,False,"['Hühnerfleisch', 'Gast']","['Negative', 'Negative']","[0.9932, 0.9889]","[[8], [11]]",Other,0.36388590931892395
63085,"Asia Mr. Rice, Inh. Vu, Duc Quang",Asian restaurant,"Die Thai Curry gebratene hänchen und gebratene ente mit erdnuß soße war lecker. 2 Gericht + 1 cola kostet 41 euro. Die laden ist sehr lautloss, es gibt keine hintergrundmusik, man hört alles was die andre kunden reden. Deswegen 4 sterne.",0,4.0,2021-11-20 08:14:14.497,74,False,"['Thai Curry gebratene', 'gebratene ente', 'soße', 'Gericht', 'laden']","['Positive', 'Positive', 'Neutral', 'Neutral', 'Negative']","[0.9716, 0.7987, 0.8105, 0.5179, 0.9475]","[[1, 2, 3], [6, 7], [10], [15], [24]]",Other,0.330447793006897
63085,"Asia Mr. Rice, Inh. Vu, Duc Quang",Asian restaurant,"Frisch gekocht und eine riesige Portion noch dazu! Leider zu wenig gewürzt, aber das ist ein Detail. Gerne wieder!",0,4.0,2021-11-05 17:20:41.987,35,False,['Portion'],['Positive'],[0.9918],[[5]],Other,0.36416661739349365
63085,"Asia Mr. Rice, Inh. Vu, Duc Quang",Asian restaurant,"Nice Menu, with nice serve 👍♥️",1,5.0,2021-10-30 14:16:43.612,12,False,"['Menu', 'serve']","['Positive', 'Positive']","[0.9974, 0.9969]","[[1], [5]]",Other,0.3424663245677948
63085,"Asia Mr. Rice, Inh. Vu, Duc Quang",Asian restaurant,Es geht,0,3.0,2021-07-04 17:53:09.101,5,False,[],[],[],[],Other,0.39682722091674805
63085,"Asia Mr. Rice, Inh. Vu, Duc Quang",Asian restaurant,"Gutes Essen, anständiger Preis. Würde ich empfehlen, wenn man nicht zu viel Geld in die Hand nehmen will...",0,4.0,2021-10-13 21:11:40.808,30,False,['Essen'],['Positive'],[0.9172],[[1]],Ambiente,0.476659893989563
63085,"Asia Mr. Rice, Inh. Vu, Duc Quang",Asian restaurant,"Hatten in den gebratenen Nudeln, veggi, Reststücke Fleisch drin... Geht gar nicht! Sofort wieder zurückgegeben, da werden wir sicher nicht mehr hingehen...",3,1.0,2021-10-08 16:55:09.388,40,False,"['gebratenen Nudeln', 'veggi', 'Fleisch']","['Negative', 'Negative', 'Negative']","[0.9936, 0.9951, 0.9956]","[[3, 4], [6], [9]]",Other,0.36785078048706055
63085,"Asia Mr. Rice, Inh. Vu, Duc Quang",Asian restaurant,Unfreundlich essen schmeckt,0,2.0,2021-10-07 07:10:28.321,7,False,['essen'],['Positive'],[0.5806],[[1]],Other,0.426855206489563
63085,"Asia Mr. Rice, Inh. Vu, Duc Quang",Asian restaurant,"Vegetarisch bestellt und im eigetlich Vegetarischen Gericht Reststücke von Ente gefunden. Bei Reklamation hiess es, es sei Vegetarisch......",2,1.0,2021-10-04 07:09:21.928,36,False,['Ente'],['Negative'],[0.9799],[[9]],Other,0.3738133907318115
63085,"Asia Mr. Rice, Inh. Vu, Duc Quang",Asian restaurant,"bereits das 2. mal mit 30minuten verspätung geliefert, schade, weil das essen wäre gut.",0,2.0,2021-09-23 10:27:04.737,29,False,['essen'],['Positive'],[0.8847],[[14]],Other,0.426855206489563
63085,"Asia Mr. Rice, Inh. Vu, Duc Quang",Asian restaurant,The food is fantastic. Personally recommend B8 (fried chicken) with fried rice. Have a bit of patience for the cashier and you will enjoy good food.,0,5.0,2021-09-19 13:09:22.180,41,False,"['food', 'cashier', 'food']","['Positive', 'Neutral', 'Positive']","[0.9935, 0.5844, 0.9935]","[[1], [23], [29]]",Other,0.3845261037349701
63085,"Asia Mr. Rice, Inh. Vu, Duc Quang",Asian restaurant,"Man kann sich für 12.- eine Asiabox, seinen eigenen Wünschen entsprechend, zusammenstellen und dann genüsslich im Lokal oder takeaway verzehren! Es gibt natürlich auch Gerichte von der Karte",0,5.0,2021-09-06 20:56:54.174,52,False,"['Asiabox', 'Gerichte']","['Positive', 'Positive']","[0.8871, 0.9471]","[[8], [29]]",Other,0.31457802653312683
63085,"Asia Mr. Rice, Inh. Vu, Duc Quang",Asian restaurant,Das essen hat Sehr schlecht gerochen und geschmeckt..,0,1.0,2021-09-05 14:28:47.231,17,False,['essen'],['Negative'],[0.9925],[[1]],Other,0.426855206489563
63085,"Asia Mr. Rice, Inh. Vu, Duc Quang",Asian restaurant,"Lecker, aber Wartezeit ist unglaublich lange.....",0,3.0,2021-09-02 17:57:04.010,15,False,['Wartezeit'],['Negative'],[0.9731],[[3]],Other,0.4206084907054901
63085,"Asia Mr. Rice, Inh. Vu, Duc Quang",Asian restaurant,Gutes bufet zum selber zusammenstellen immer am mittag unter der woche.,0,5.0,2021-08-06 06:55:06.688,20,False,['bufet'],['Positive'],[0.9901],[[1]],Other,0.40262916684150696
63085,"Asia Mr. Rice, Inh. Vu, Duc Quang",Asian restaurant,"gut, freundlich, guter preis",0,4.0,2021-07-19 10:03:36.184,10,False,['preis'],['Positive'],[0.9982],[[5]],Ambiente,0.4520859122276306
63085,"Asia Mr. Rice, Inh. Vu, Duc Quang",Asian restaurant,"Buffet nicht für Vegies geeignet, dafür aber preisweres Mittagessen a la carte",0,5.0,2021-07-14 12:22:25.705,23,False,"['Buffet', 'Mittagessen']","['Negative', 'Positive']","[0.9551, 0.8489]","[[0], [9]]",Ambiente,0.45813533663749695
63085,"Asia Mr. Rice, Inh. Vu, Duc Quang",Asian restaurant,Um 09:00 Uhr hatte ich die Bestllung auf 12:00 Uhr bestellt. Jedoch kam die Bestellung 35 Minuten zu spät. Somit wurde mein Mittag zur Wartezeit.,1,1.0,2021-06-15 10:31:23.291,42,False,['Wartezeit'],['Negative'],[0.959],[[30]],Other,0.4206084907054901
63085,"Asia Mr. Rice, Inh. Vu, Duc Quang",Asian restaurant,Had to wait 30 minutes to get our order while they were bringing food upstairs... Usually it's faster but this time it was very slow and they were really rude.,0,1.0,2021-05-23 12:19:17.715,47,False,['food'],['Negative'],[0.6763],[[13]],Other,0.33069664239883423
